{"printer":{"retract_restart_extra_toolchange":"0","machine_max_speed_y":"500,500","machine_max_jerk_e":"5,5","creality_flush_time":"86.0","machine_max_speed_x":"500,500","z_hop_types":"Normal Lift","host_type":"octoprint","use_relative_e_distances":"1","printhost_user":"","bed_mesh_max":"99999,99999","machine_max_acceleration_retracting":"2500,2500","machine_max_acceleration_e":"5000,5000","printer_variant":"0.4","extruder_clearance_height_to_lid":"34","parking_pos_retraction":"92","scan_first_layer":"0","time_cost":"0","printhost_password":"","silent_mode":"0","disable_m73":"0","nozzle_hrc":"0","extruder_offset":"0x0","single_extruder_multi_material":"1","machine_min_travel_rate":"0,0","machine_unload_filament_time":"0","extruder_colour":"\"\"","machine_max_acceleration_y":"5000,5000","retract_restart_extra":"0","best_object_pos":"0.5,0.5","retract_length_toolchange":"10","machine_pause_gcode":"M25","emit_machine_limits_to_gcode":"1","nozzle_volume":"0","bbl_use_printhost":"0","min_layer_height":"0.07","machine_end_gcode":"G91 ;Relative positionning \nG1 E-2 F2700 ;Retract a bit \nG1 E-2 Z0.2 F2400 ;Retract and raise Z \nG1 X5 Y5 F3000 ;Wipe out \nG1 Z10 ;Raise Z more \nG90 ;Absolute positionning \n \nG1 X0 Y220 ;Present print \nM106 S0 ;Turn-off fan \nM104 S0 ;Turn-off hotend \nM140 S0 ;Turn-off bed \n \nM84 X Y E ;Disable all steppers but Z","fan_kickstart":"0","printer_structure":"i3","high_current_on_filament_swap":"0","flush_volumes_matrix":"0","thumbnails_format":"CR_PNG","printhost_port":"","retract_before_wipe":"100%","default_print_profile":"0.20mm Standard","extruder_clearance_radius":"90","gcode_flavor":"marlin2","change_extrusion_role_gcode":"","retract_lift_below":"0","upward_compatible_machine":"","retraction_length":"0.8","preferred_orientation":"0","machine_max_speed_e":"100,100","retraction_speed":"30","nozzle_type":"brass","support_chamber_temp_control":"0","machine_LED_light_exist":"1","machine_platform_motion_enable":"1","printhost_ssl_ignore_revoke":"0","max_layer_height":"0","support_air_filtration":"0","machine_max_jerk_x":"10,10","machine_max_jerk_z":"0.4,0.4","bed_exclude_area":"0x0","printer_technology":"FFF","printhost_apikey":"","cooling_tube_length":"5","print_host":"","machine_min_extruding_rate":"0,0","material_flow_temp_graph":"[[3.0,210],[10.0,220],[12.0,230]]","manual_filament_change":"1","auxiliary_fan":"0","deretraction_speed":"0","thumbnails":"96x96,300x300","bed_custom_model":"","machine_max_speed_z":"30,30","printable_area":"0x0,220x0,220x220,0x220","inherits":"fdm_creality_common","machine_max_acceleration_extruding":"5000,5000","machine_max_jerk_y":"10,10","machine_max_acceleration_z":"500,500","template_custom_gcode":"","before_layer_change_gcode":";BEFORE_LAYER_CHANGE\n;[layer_z]\nG92 E0\n","printhost_authorization_type":"key","z_offset":"0","printer_model":"Ender-3 V3 SE","bed_mesh_probe_distance":"50,50","curr_bed_type":"High Temp Plate","fan_speedup_time":"0","extruder_clearance_height_to_rod":"47","wipe_distance":"1","bed_mesh_min":"-99999,-99999","printing_by_object_gcode":"","layer_change_gcode":"","extra_loading_move":"-2","enable_filament_ramming":"1","machine_max_acceleration_travel":"5000,5000","printhost_cafile":"","retract_when_changing_layer":"0","retract_lift_above":"0","purge_in_prime_tower":"1","machine_load_filament_time":"11","nozzle_diameter":"0.4","z_hop":"0.4","machine_start_gcode":"M220 S100 ;Reset Feedrate \nM221 S100 ;Reset Flowrate \n \nM140 S[bed_temperature_initial_layer_single] ;Set final bed temp \nG28 ;Home \n \nG92 E0 ;Reset Extruder \nG1 Z2.0 F3000 ;Move Z Axis up \nM104 S[nozzle_temperature_initial_layer] ;Set final nozzle temp \nG1 X-2.1 Y20 Z0.28 F5000.0 ;Move to start position \nM190 S[bed_temperature_initial_layer_single] ;Wait for bed temp to stabilize \nM109 S[nozzle_temperature_initial_layer] ;Wait for nozzle temp to stabilize \nG1 X-2.1 Y145.0 Z0.28 F1500.0 E15 ;Draw the first line \nG1 X-2.4 Y145.0 Z0.28 F5000.0 ;Move to side a little \nG1 X-2.4 Y20 Z0.28 F1500.0 E30 ;Draw the second line \nG92 E0  ;Reset Extruder \nG1 E-1.0000 F1800 ;Retract a bit \nG1 Z2.0 F3000 ;Move Z Axis up \nG1 E0.0000 F1800","use_firmware_retraction":"0","fan_speedup_overhangs":"1","machine_max_acceleration_x":"5000,5000","retract_lift_enforce":"All Surfaces","change_filament_gcode":"M600","default_filament_profile":"","cooling_tube_retraction":"91.5","retraction_minimum_travel":"2","printer_notes":"","printable_height":"250","print_host_webui":"","support_multi_bed_types":"0","head_wrap_detect_zone":"","time_lapse_gcode":"","wipe":"0","bed_custom_texture":""},"metadata":{"inherits_from":"Ender-3 V3 SE-0.4"},"extruders":[{"engine_data":{"nozzle_diameter":"0.4","z_hop":"0.4","retract_restart_extra":"0","deretraction_speed":"30","retract_before_wipe":"100","retract_lift_above":"0","retract_when_changing_layer":"1","retract_length_toolchange":"1","extruder_colour":"#FCE94F","retract_lift_below":"0","min_layer_height":"0.08","retract_lift_enforce":"All Surfaces","retraction_minimum_travel":"1","z_hop_types":"Slope Lift","retraction_speed":"30","extruder_offset":"0x0","retraction_length":"0.8","retract_restart_extra_toolchange":"0","max_layer_height":"0.36","wipe_distance":"2","default_filament_profile":"Hyper PLA ","wipe":"1"},"metadata":{"color":4282244950,"current_material":"Esun TPU 95A-1.75","is_physical":true}}]}